{
  "calibrations": [
    [
      [
        1.774389694830398,
        1.0851885159643677
      ]
    ]
  ],
  "tau_ns": 2.5,
  "laser_period_ns": 12.576927184822562,
  "frequency_mhz": 79.5106773939797,
  "channels": [
    0
  ],
  "harmonics": 1
}