{
  "calibrations": [
    [
      [
        1.5147182918208715,
        1.2547940841755054
      ],
      [
        -2.914559164737895,
        1.413427008780439
      ],
      [
        -1.0331655754030415,
        1.3284088356449688
      ],
      [
        0.8545324639299205,
        1.1207261304153826
      ]
    ]
  ],
  "tau_ns": 2.5,
  "laser_period_ns": 12.57699584916508,
  "frequency_mhz": 79.51024330395917,
  "channels": [
    0
  ],
  "harmonics": 4
}