{
  "calibrations": [
    [
      [
        1.5158835752505169,
        1.254515691286099
      ],
      [
        -2.912463456102607,
        1.4123676115266597
      ],
      [
        -1.0289316224746266,
        1.326922701455804
      ],
      [
        0.8587274469973605,
        1.1174781267143061
      ]
    ]
  ],
  "tau_ns": 2.5,
  "laser_period_ns": 12.57699584916508,
  "frequency_mhz": 79.51024330395917,
  "channels": [
    0
  ],
  "harmonics": 4
}