{
  "calibrations": [
    [
      [
        -1.0492154355235919,
        0.9769592312674896
      ],
      [
        -2.1105473805272483,
        0.9503685749011603
      ],
      [
        -3.1688535433308163,
        0.9151694078837947
      ]
    ]
  ],
  "tau_ns": 4.1,
  "laser_period_ns": 24.99989318828099,
  "frequency_mhz": 40.00017089948058,
  "channels": [
    0
  ],
  "harmonics": 3
}